episode,makespan,total_energy,working_energy,idle_energy
0,961.7108215059253,34750.91477185859,23486.835479678117,11264.079292180475
1,951.8794125008825,34512.235192416454,23486.891348725294,11025.343843691164
2,960.7049940973717,34664.92387943205,23526.37534865321,11138.548530778837
3,475.4353823198764,27973.43378120945,22255.86286149926,5717.57091971019
4,401.4643776891259,27882.295627426378,22905.747419515577,4976.548207910801
5,378.5256494813246,27825.804313541546,23131.056052557906,4694.748260983641
6,409.12406050664447,28187.51326817579,23015.425535281367,5172.087732894422
7,1328.4083388694694,41889.65102726277,25995.79916446774,15893.851862795033
8,1397.2295507556807,43293.049155320885,26443.01301245088,16850.036142870005
9,421.5144242421852,28542.848972599688,23127.173403658817,5415.67556894087
10,381.7359008655469,28408.033865836303,23368.468761533073,5039.5651043032285
11,376.97888073888305,28348.717965227093,23374.30854525932,4974.409419967774
12,381.00631912195826,28593.1335792482,23480.525600664037,5112.607978584163
13,377.85470600967426,28601.83911140865,23516.08310330449,5085.756008104164
14,381.3745709913514,28595.263919936995,23443.498031600146,5151.76588833685
15,378.11778712544924,28505.479823773545,23431.492009359143,5073.987814414402
16,374.8721818960874,28583.90117189104,23559.191300083497,5024.709871807541
17,378.599558248602,28455.920563959924,23406.591337284495,5049.329226675428
18,377.0483378874106,28521.06158752323,23473.303882492328,5047.7577050309
19,374.4035216876427,28584.383875410305,23554.50957339064,5029.874302019666
20,386.66617208191076,28512.151067603467,23322.96703680115,5189.184030802318
21,383.75628203344286,28432.50735310973,23298.627755640726,5133.879597469006
22,378.65268419403463,28683.667952031214,23542.274146742424,5141.393805288791
23,379.9866012330413,28522.187665592184,23430.07461480812,5092.113050784064
24,384.0015267099724,28542.32735677634,23375.618854058146,5166.708502718191
25,384.5505224045285,28545.42397840855,23365.87287370503,5179.551104703523
26,378.23870876421853,28795.462910080878,23619.282619297297,5176.18029078358
27,372.03817802451135,28526.408387238618,23550.439512533394,4975.968874705224
28,380.6256115450575,28469.067670269927,23370.86742614584,5098.200244124089
29,376.11426912536535,28489.000420048447,23448.512816398328,5040.48760365012
30,376.5081743304161,28680.80469145858,23595.140788056666,5085.663903401912
31,385.923337602499,28536.978045864318,23344.344883933274,5192.633161931044
32,382.68857991479047,28611.56076305983,23438.10382431624,5173.45693874359
33,385.78204727792047,28717.92460997833,23466.74545152705,5251.179158451278
34,374.39402189244163,28420.65653366618,23443.106640309852,4977.549893356328
35,378.45689944763717,28607.55815342567,23486.580404033408,5120.977749392261
36,386.609012280455,28641.24609012227,23398.006185761547,5243.239904360722
37,381.715213843961,28445.859275628995,23352.172415762943,5093.68685986605
38,389.56841013323884,28604.648044436803,23369.474171223304,5235.173873213498
39,390.9978072442436,28440.802180856015,23255.941602593615,5184.8605782624
40,386.5811836010984,28563.297849478637,23357.364182609548,5205.933666869088
41,384.3014882895424,28516.086534863098,23363.5902747485,5152.496260114597
42,387.85173040987667,28449.42548996811,23271.579622997768,5177.845866970343
43,389.21084183510226,28498.661252680206,23285.54360823086,5213.117644449345
44,392.9079572311672,28502.791081357555,23256.302981044122,5246.488100313433
45,389.504831351939,28455.310286544453,23245.954333800168,5209.355952744286
46,382.5049196747875,28498.50418359997,23379.5955940334,5118.90858956657
47,391.30045857435175,28532.721378375536,23314.548697878967,5218.17268049657
48,395.4142561878525,28526.547450117025,23233.43462131011,5293.112828806916
49,381.65510862332974,28480.278271179297,23394.44673460654,5085.8315365727585
50,387.6185042483857,28531.82510428819,23318.83831844609,5212.986785842097
51,381.1694435889559,28466.233205391116,23390.16196180969,5076.071243581428
52,381.3182635190181,28474.48895294004,23381.654076190913,5092.834876749128
53,377.30234074250274,28562.525336158422,23485.178925621345,5077.346410537076
54,378.9225659830316,28446.99856792816,23392.658479387384,5054.340088540777
55,375.92389567066283,28442.097831375213,23434.982147047987,5007.115684327226
56,379.11440099845095,28543.085031544604,23460.680132394635,5082.40489914997
57,374.77478795642054,28429.326332966735,23441.607452036176,4987.718880930559
58,383.9438915174026,28574.74413130398,23378.12538166378,5196.6187496402
59,382.6208897588663,28584.196945696527,23419.61553721042,5164.581408486109
60,380.49936896246646,28501.785284247017,23398.34096818828,5103.444316058738
61,372.5815980960597,28580.27170392398,23582.83547050376,4997.4362334202215
62,381.97041823293216,28630.992899716002,23452.32287510744,5178.670024608564
63,380.6012091102602,28441.830466142448,23370.58401128144,5071.246454861006
64,391.6669043153852,28525.121704282654,23277.083303998785,5248.038400283868
65,371.8756637218726,28427.953031430246,23493.970032870882,4933.982998559363
66,372.4863029203163,28499.973623478698,23530.064358067342,4969.909265411356
67,373.6226660324365,28646.792484697864,23612.657026682133,5034.135458015733
68,374.7697993347899,28397.803842418623,23425.793296951455,4972.01054546717
69,379.9789563449174,28681.17053594682,23533.646602629946,5147.523933316875
70,381.1674394471501,28592.222094140547,23457.02090797447,5135.201186166076
71,377.93094742118666,28584.199149274158,23494.77723839132,5089.421910882835
72,378.06620494774063,28544.083935444516,23451.571896797195,5092.512038647321
73,377.23287544528154,28512.574357174934,23456.826621030497,5055.747736144437
74,382.4343165982287,28722.168250374478,23517.82272539212,5204.3455249823555
75,377.77060051186027,28558.826120369216,23480.672979307048,5078.15314106217
76,382.3054845157099,28520.882571769132,23390.213529574376,5130.669042194756
77,380.57119508904447,28579.93680601669,23445.791205847312,5134.145600169377
78,376.59900712871087,28506.04555424629,23461.899748236523,5044.145806009769
79,378.97906470756845,28574.334056635234,23467.958874359294,5106.375182275942
80,371.96919633641903,28603.430627708476,23596.410716096758,5007.019911611719
81,376.11131898977516,28427.922083921192,23427.322702197198,5000.599381723993
82,381.2553558931671,28677.186125838925,23500.986589273125,5176.199536565799
83,377.5442406932159,28577.985017180454,23498.292990449674,5079.6920267307805
84,378.2229371026879,28698.816602660532,23567.303165487647,5131.5134371728855
85,375.7086805034156,28355.802031018255,23387.714112775662,4968.087918242593
86,385.80370071148286,28557.370738339567,23343.294496707716,5214.076241631851
87,381.64346912051656,28556.55664780359,23427.766307180762,5128.790340622829
88,377.92299757100614,28571.4377063921,23487.28213975318,5084.1555666389195
89,377.66085247232314,28606.831740151105,23508.604691157947,5098.227048993159
90,377.7002695266729,28703.556154176855,23569.58081252109,5133.975341655765
91,377.783671739684,28515.859639798648,23463.023373146945,5052.836266651704
92,376.66804348107826,28510.16783875651,23467.107301472726,5043.060537283784
93,377.78942644232717,28548.507001236874,23491.14557161551,5057.3614296213655
94,375.8029578197313,28717.20333441129,23620.736525245207,5096.466809166082
95,379.9133977783344,28470.59138906928,23390.719007078318,5079.87238199096
96,379.15035012800587,28369.810324615042,23334.954090225445,5034.856234389599
97,380.38741255598256,28674.929227045803,23516.04196230114,5158.887264744664
98,377.76196633779193,28570.104028304813,23487.837464669123,5082.266563635691
99,375.75666508396733,28482.91311265025,23455.934958703292,5026.978153946959
100,374.66139495431383,28527.100490138233,23511.418666142195,5015.681823996036
101,376.8987759783739,28651.317139661634,23547.298337162316,5104.0188024993195
102,384.718373435521,28740.594982960094,23485.715782329018,5254.879200631075
103,376.47074002418293,28499.6517158466,23465.64366972079,5034.008046125811
104,371.86629085009287,28634.039864012484,23640.161455019468,4993.878408993015
105,381.4349934933786,28674.60030131014,23504.0470780838,5170.553223226339
106,382.88240900797456,28637.532961382152,23452.367636668554,5185.1653247136
107,381.95014460149895,28587.47095436191,23441.851631518366,5145.619322843542
108,382.1398918858354,28702.018310784482,23504.380879235752,5197.63743154873
109,380.73922594694005,28568.175009054146,23436.485076590845,5131.689932463301
110,376.26213004067944,28510.754632723132,23477.13580900786,5033.618823715273
111,380.89803398738553,28443.302386256757,23356.402160731137,5086.90022552562
112,383.23160804674876,28608.867157706834,23414.19658288332,5194.670574823515
113,380.9398892324597,28645.52360505597,23496.30507939955,5149.218525656419
114,377.30677985066575,28514.289750686716,23452.766889252132,5061.5228614345815
115,379.0967977418779,28520.25515980772,23423.692900846017,5096.562258961703
116,378.58236813824186,28532.01454572182,23454.84926143656,5077.16528428526
117,377.60692205908464,28457.435109580372,23425.57457828007,5031.8605313003045
118,379.4910871613974,28599.555386293992,23497.031388436662,5102.523997857332
119,376.2060741434173,28436.492847125504,23439.592491094638,4996.900356030866
120,387.6152186622837,28590.399457122505,23344.623211599323,5245.776245523182
121,376.8663337038444,28734.977112277833,23638.879908378927,5096.097203898906
122,370.9658632517827,28460.681401714886,23533.887608101926,4926.793793612962
123,376.02183476645087,28650.18932532791,23586.491841008545,5063.697484319364
124,378.4714204456168,28539.030407732964,23466.982225548993,5072.048182183972
125,379.8080177339232,28661.135398335624,23513.74830988194,5147.387088453685
126,385.6728085068944,28599.679136308485,23376.17907258252,5223.500063725967
127,379.2424998507128,28640.500998353215,23514.317582645406,5126.18341570781
128,380.07633365806277,28557.353714756937,23445.02192214895,5112.331792607988
129,373.2087083120072,28587.054196364934,23577.508177618896,5009.546018746038
130,377.31226228311095,28439.462667795142,23421.929527763292,5017.533140031851
131,367.64130916333954,28430.542938729708,23560.328058739662,4870.214879990045
132,375.7299242738788,28512.863144962725,23470.132518656817,5042.730626305908
133,375.9577635573838,28599.63008845845,23542.211621773138,5057.418466685312
134,374.75026554357026,28552.56196014742,23534.04642091978,5018.515539227638
135,380.39780927150525,28555.345222409636,23443.609926223333,5111.735296186304
136,378.65541560579015,28579.229045223954,23475.4243362541,5103.804708969856
137,376.2995098293064,28537.650735565512,23493.72003785433,5043.930697711179
138,378.4859912549117,28535.855038688824,23440.12962320719,5095.725415481633
139,375.75454458336185,28608.95513071586,23547.22467502793,5061.730455687932
140,384.2008852630335,28546.297558056143,23393.576514383694,5152.721043672449
141,381.2041512753999,28581.2774463562,23448.249728804964,5133.027717551235
142,381.52251043421086,28582.217382498544,23441.76540807143,5140.451974427115
143,377.89508637489763,28635.713858193412,23517.227785518277,5118.486072675134
144,380.4850665288508,28602.276921376448,23459.2334741145,5143.043447261948
145,376.99663896558064,28540.514019789087,23481.054011461994,5059.460008327091
146,385.28917582658227,28648.506846124474,23425.644326388483,5222.8625197359925
147,378.6608910718973,28607.2657540212,23507.313185816012,5099.952568205186
148,387.03658057042276,28585.921965337788,23351.472171947058,5234.449793390728
149,380.80122762415607,28644.234371263137,23491.725482094473,5152.508889168665
150,379.775678948743,28509.833780175257,23430.439307009074,5079.394473166181
151,373.59618072719206,28494.219361872547,23507.893448161838,4986.325913710708
152,378.39241839986386,28534.059224523,23451.876397422395,5082.182827100607
153,368.9337002956734,28462.987040317912,23555.88852304428,4907.098517273634
154,382.8655225104997,28719.29236845945,23506.440022240735,5212.852346218716
155,387.57993818534726,28521.94493738244,23308.394502768562,5213.550434613875
156,379.8082497460452,28615.87808606762,23481.87268890323,5134.005397164392
157,378.3709839196032,28649.98575971739,23536.90706886009,5113.078690857299
158,373.7835839492886,28550.57137181735,23534.695188845642,5015.87618297171
159,377.56785380553526,28707.291572508613,23584.681695523497,5122.609876985117
160,380.05501617161696,28640.287529334222,23510.99316091215,5129.294368422072
161,374.61287874416985,28588.93770328723,23548.001854380236,5040.935848906993
162,380.5831763876229,28489.372757896817,23383.81888043599,5105.5538774608285
163,384.2858712764962,28729.486336300186,23494.000703240195,5235.485633059992
164,377.70655173459363,28622.20902323432,23513.607820783887,5108.601202450433
165,378.77013566137936,28466.859238332203,23411.102083314676,5055.757155017527
166,378.94354635679184,28587.037993941245,23478.90264814363,5108.1353457976165
167,377.18738923330983,28608.792486778904,23543.874761739018,5064.917725039888
168,372.78780204177207,28508.070461035488,23526.54411972426,4981.526341311226
169,382.0494475556567,28577.54418291238,23419.238656056386,5158.305526855994
170,382.9427484944558,28542.25982913075,23394.92517920462,5147.3346499261315
171,378.53134467801635,28546.98392372827,23472.096570309113,5074.887353419156
172,379.3843232089202,28387.047969123003,23357.774287805776,5029.273681317227
173,379.8462910577473,28485.554003662117,23405.048152494535,5080.50585116758
174,379.32806743424896,28456.74983560114,23394.34487717605,5062.40495842509
175,384.0615839954999,28652.617845550463,23441.623444580036,5210.994400970429
176,379.527208645188,28695.66606655426,23543.45441008493,5152.21165646933
177,375.71087610162425,28583.059423871957,23527.67350184037,5055.385922031587
178,385.8338016715938,28667.92599479796,23426.46126266775,5241.464732130205
179,372.62112769653146,28472.523684607353,23505.03397937036,4967.4897052369915
180,380.5191402542975,28584.347804065972,23467.748572854107,5116.599231211865
181,378.05368780724916,28507.40477419723,23454.48364093289,5052.921133264341
182,371.3147204815281,28470.17435295205,23512.81572439597,4957.358628556082
183,381.4623902326046,28479.482034718396,23364.022623151184,5115.459411567212
184,374.94468780345056,28676.403851862284,23586.926401657238,5089.477450205044
185,377.38578127646826,28432.859478615836,23392.022593719557,5040.836884896278
186,376.70361327978947,28536.404068504988,23475.210913171846,5061.193155333142
187,373.2761312941817,28489.232036690304,23496.31490477935,4992.917131910955
188,377.16269250475847,28363.37986972838,23363.999252204037,4999.380617524342
189,381.45106629151127,28614.576220843992,23462.411593154873,5152.164627689117
190,377.99802018829877,28696.338855774266,23563.41691255255,5132.921943221714
191,378.31836528290694,28507.806687554494,23450.39953708047,5057.407150474025
192,372.2856608003836,28506.714080407848,23539.936684859564,4966.777395548284
193,375.85015079440024,28423.264354456755,23428.70185060603,4994.562503850724
194,376.3438628204528,28598.142782204784,23532.974024625215,5065.168757579569
195,377.35684992750544,28455.554533275612,23406.510475540243,5049.044057735368
196,380.32191744133047,28604.476747013825,23469.399723908948,5135.077023104879
197,386.4247726770602,28887.357473083917,23542.680586576076,5344.676886507842
198,376.2007082917265,28508.67512621011,23478.003009487136,5030.6721167229725
199,380.6598062714457,28539.91277088396,23442.191445789176,5097.7213250947825
200,381.5466170791527,28654.124576003116,23466.577965970275,5187.546610032841
201,373.5190446490612,28499.172810706117,23520.187070228192,4978.985740477926
202,379.0438637226777,28621.828630196604,23490.80583312726,5131.022797069344
203,384.0290196142907,28653.77408850912,23429.41492862905,5224.359159880071
204,371.1398044500372,28633.760149147816,23647.445119540338,4986.315029607478
205,373.92457724344825,28607.631398585065,23577.30314721551,5030.328251369556
206,379.6231102039095,28516.349855033877,23426.504623651163,5089.845231382713
207,382.7576171356389,28481.40499182186,23349.3799885189,5132.02500330296
208,377.99239470212535,28554.409798244902,23472.14731335331,5082.262484891591
209,377.1298865014657,28575.126535270778,23501.443222377588,5073.683312893192
210,377.43760187077885,28490.032375418796,23424.522376835397,5065.509998583399
211,381.78632664442773,28461.087790977108,23355.37323892923,5105.714552047877
212,376.41268828552086,28501.273612562414,23465.4051960445,5035.868416517914
213,380.48575827153536,28512.418540141167,23409.910180623978,5102.508359517189
214,379.1347854427139,28713.295336469022,23565.684868895325,5147.610467573697
215,388.51029359009976,28736.056646530713,23436.89594632519,5299.1607002055225
216,374.78601321985667,28419.091292930203,23440.229145416473,4978.862147513731
217,382.051678344035,28615.640548270952,23447.22785511748,5168.412693153474
218,385.15774311786413,28591.23056187854,23386.143679300836,5205.086882577702
219,384.765826476035,28793.230311679632,23524.171338580356,5269.058973099277
220,373.3255798855855,28673.875858812822,23637.697391582096,5036.178467230727
221,377.42667675229274,28519.906926029755,23469.813411779964,5050.093514249793
222,379.6069599992181,28520.49040265364,23445.6955466308,5074.794856022838
223,377.1475057480804,28661.06215986306,23558.83964085624,5102.222519006819
224,379.44229331268895,28711.9284082627,23551.350866587465,5160.577541675235
225,381.5066165127878,28515.078356586782,23400.450182026125,5114.628174560659
226,385.09413381602945,28634.068850897846,23411.622365384334,5222.446485513512
227,374.66680486356364,28458.756035192382,23470.780835636288,4987.975199556094
228,377.0082419705832,28596.084010162882,23493.706299941012,5102.377710221869
229,373.9978477579619,28544.027847121848,23521.59210338252,5022.435743739328
230,376.0541006565486,28632.838193217936,23555.850785063056,5076.987408154881
231,375.97619793407995,28568.309365404362,23505.507673050743,5062.801692353621
232,386.5152467207417,28567.04335289704,23354.773057587227,5212.2702953098105
233,374.2679437753697,28547.24986492945,23539.287454828198,5007.962410101253
234,378.9581513864147,28395.848929885113,23359.07039048057,5036.778539404544
235,381.9911153591922,28736.99780913442,23519.94202125523,5217.0557878791915
236,383.3068555595127,28564.742034009905,23399.221013834303,5165.5210201756
237,383.5382086012817,28531.3628089341,23365.428145769984,5165.934663164115
238,378.0249291264094,28547.562084606234,23460.626495731718,5086.935588874517
239,384.5813127556012,28743.51167857644,23502.616228938234,5240.895449638205
240,372.0842862824752,28684.754987186087,23673.956832295848,5010.798154890238
241,377.4743917078463,28339.28881092827,23341.26689682347,4998.0219141048
242,378.37239993581096,28584.255897713596,23497.495249639225,5086.760648074371
243,385.8333531756255,28550.297572544874,23362.340246873788,5187.957325671087
244,377.4396298050112,28504.304730965177,23453.136976931233,5051.167754033944
245,377.73668819842766,28675.546735998047,23537.67897212194,5137.867763876109
246,377.17461777301065,28702.96383794292,23595.86902282144,5107.09481512148
247,373.52488826283803,28533.346701489194,23531.63343576531,5001.713265723883
248,384.02011682397193,28659.24935882103,23444.07316306993,5215.176195751101
249,373.7771584045051,28613.069655492975,23591.564396003967,5021.505259489008
250,374.47538672443466,28537.77328639878,23517.569580601776,5020.203705797005
251,379.4334310250136,28709.507755456074,23561.993793933623,5147.513961522451
252,378.60476989802766,28667.481191663872,23543.15105843099,5124.330133232883
253,377.6101896436351,28499.665468251816,23451.939025072752,5047.726443179065
254,382.86848289218864,28508.376609045925,23359.83362105962,5148.542987986302
255,376.87369402994227,28489.946327990216,23439.65126822571,5050.295059764507
256,379.7845584139524,28517.007836146367,23421.574316265152,5095.433519881215
257,381.0284939075156,28577.11497102587,23430.120544945632,5146.994426080238
258,375.1541733936088,28377.97839803222,23410.743900012472,4967.2344980197495
259,377.8988345616914,28538.384874442552,23461.388597199173,5076.996277243379
260,378.5508159867886,28739.02617736661,23580.665329407188,5158.360847959422
261,376.47515340498546,28431.272789826377,23397.146082783973,5034.126707042404
262,376.63876062590435,28580.87025155732,23502.906905015392,5077.963346541927
263,375.6512613570173,28599.003755197504,23537.838913276526,5061.164841920976
264,381.8248089295959,28567.721310348134,23414.25987607333,5153.461434274804
265,370.5281979341011,28723.77114576606,23714.280218791526,5009.490926974533
266,382.40835988237393,28509.573977643355,23380.53992062195,5129.034057021402
267,376.81930445368243,28576.089812267754,23500.48730643562,5075.602505832131
268,375.3402870729243,28536.975680239128,23500.653073832244,5036.322606406885
269,382.48820339856087,28511.818808177442,23375.354555840317,5136.464252337125
270,378.65620456767675,28615.913082867068,23510.310640733624,5105.602442133442
271,379.17641283459744,28529.717592174482,23444.830943438265,5084.8866487362175
272,381.1048051092577,28394.613416570453,23314.51351106864,5080.099905501815
273,381.57965909558857,28616.534338102334,23466.525270589107,5150.009067513229
274,380.95880580128323,28650.768984157185,23488.744444838554,5162.024539318632
275,370.65880644256134,28543.239798357215,23580.821373628733,4962.418424728481
276,378.9712991385475,28574.994107751325,23462.10346996723,5112.890637784094
277,367.57638738856184,28563.724616098138,23641.846707236982,4921.877908861155
278,378.5606440766523,28507.053664097177,23443.25786380643,5063.795800290745
279,380.11771450997355,28375.67760604553,23333.615023806477,5042.062582239054
280,380.5458199194847,28454.781318742556,23383.755708008837,5071.025610733719
281,383.2072511107795,28455.84075684148,23318.023888366108,5137.816868475372
282,375.79081405384045,28474.947292241697,23446.48306514694,5028.464227094758
283,375.67533054783894,28772.868616779502,23673.533853116547,5099.334763662955
284,378.0693605251538,28709.700280945573,23585.704119151484,5123.996161794089
285,379.6653804642477,28532.095777999883,23437.604447130878,5094.491330869005
286,382.6320352375364,28708.733922902364,23497.846438079938,5210.887484822427
287,381.9298696769353,28682.14982603288,23498.951773727214,5183.198052305667
288,380.7464507702892,28466.612233981505,23381.933490697378,5084.678743284125
289,379.198692197525,28505.44388017502,23422.4431267881,5083.0007533869175
290,379.40461579885834,28514.46263527077,23430.02758356663,5084.43505170414
291,376.2935098349764,28635.824355620043,23547.2528353483,5088.571520271744
292,376.09761692676034,28584.85542735274,23530.81772589026,5054.03770146248
293,369.64062347101657,28520.506475745366,23592.158469145066,4928.348006600298
294,382.2449912588326,28441.6719415453,23330.872413750414,5110.799527794886
295,378.60509748918605,28552.729303055254,23472.476330867827,5080.252972187429
296,374.49864303076015,28416.61016084014,23431.297473214017,4985.312687626124
297,387.4646428333047,28527.105275627146,23316.165700841237,5210.939574785911
298,379.2513194154734,28562.456166486707,23460.00346566879,5102.452700817916
299,385.77434553688533,28674.005208452967,23433.18190359012,5240.823304862848
300,383.1233457578944,28664.945271343313,23472.511085725622,5192.4341856176925
301,374.85741236372746,28396.942981914908,23444.245016487068,4952.69796542784
302,379.22636460864,28589.847230210922,23477.62584576408,5112.221384446844
303,382.1751187400662,28631.5351132952,23462.322806625823,5169.212306669376
304,373.6020209010242,28421.259298401743,23449.658046870612,4971.60125153113
305,378.30927588731436,28533.466654830052,23453.085526116014,5080.381128714036
306,379.86496778600923,28513.43124707753,23413.0856536774,5100.3455934001295
307,375.9763095890215,28653.743840212734,23564.02369127483,5089.720148937904
308,374.9919132374455,28608.191050579855,23572.350113521396,5035.840937058459
309,375.45809049077104,28717.885417715202,23632.66378120909,5085.221636506112
310,380.26858653629625,28769.47081786467,23566.693784746443,5202.7770331182255
311,373.35839602461624,28601.114691725572,23594.809910362757,5006.304781362814
312,379.85321236096183,28444.17676507517,23378.32312558437,5065.853639490801
313,378.7312530906778,28527.77349673785,23460.384371222783,5067.389125515066
314,374.3520356587218,28426.615619961034,23459.546109640574,4967.069510320462
315,379.3374074682051,28627.79502399027,23497.583155088774,5130.211868901499
316,380.9948765751766,28589.641765654258,23456.340158655927,5133.3016069983305
317,377.12380451324134,28494.924908327295,23449.123907086454,5045.801001240843
318,375.9722245654022,28659.004488696526,23567.237668851078,5091.766819845447
319,379.90226657761843,28641.372629002286,23492.026539793456,5149.346089208831
320,375.737450970115,28636.406107649236,23557.404871235965,5079.001236413271
321,368.9418671207893,28676.42728980928,23695.47029943765,4980.956990371629
322,375.6701042290574,28509.98574539365,23502.71962703921,5007.266118354441
323,385.3928148040769,28607.978909144313,23385.277924194925,5222.700984949389
324,383.66482519865133,28436.728665251983,23303.282592700354,5133.446072551631
325,378.03028592592955,28460.26295243785,23404.51039412567,5055.752558312179
326,380.07231589802984,28526.0880266137,23430.51193567426,5095.576090939437
327,383.21511950913145,28653.540610976546,23460.0124198288,5193.528191147748
328,376.3888539470533,28598.10010359421,23533.91367156527,5064.18643202894
329,375.2608102885331,28521.42972528541,23496.116992249445,5025.312733035962
330,381.94258313110663,28546.42200967795,23400.810815224435,5145.611194453515
331,371.26762884203106,28594.584372595935,23608.42192889066,4986.162443705275
332,376.37991889666824,28693.925785051222,23597.167934385405,5096.757850665818
333,379.4597820181199,28637.030133822638,23513.95346128511,5123.076672537529
334,375.3666704057128,28513.076036142364,23481.01584133459,5032.060194807776
335,380.5972275513898,28639.774780839864,23473.248808213677,5166.525972626185
336,373.91966239860926,28737.70220681304,23651.384082203345,5086.318124609694
337,374.8341426442566,28502.814310465088,23499.68931539701,5003.12499506808
338,376.8145917106074,28635.105420997585,23543.26269980911,5091.842721188473
339,383.47337681475676,28710.17386233085,23473.90781748376,5236.266044847091
340,375.86823696459555,28596.383330080163,23534.362311313336,5062.021018766826
341,379.50095113751325,28465.060960136558,23379.502276107218,5085.55868402934
342,383.3865302391949,28640.93133151129,23437.184867694712,5203.7464638165775
343,376.69791097925787,28532.796228086096,23478.468938636786,5054.327289449309
344,369.30885318585155,28511.021060235693,23583.56526683701,4927.4557933986825
345,380.1865378468339,28570.189102598048,23449.89077114324,5120.298331454807
346,377.4966075518476,28453.65048580198,23419.321281218854,5034.329204583127
347,379.1883677159225,28528.164799544847,23453.802761033883,5074.362038510965
348,380.39677721669716,28471.97756380261,23389.743800990283,5082.233762812328
349,382.4507852889811,28507.98427249393,23373.429280927998,5134.554991565931
350,372.4381213754376,28543.391574924895,23551.47943440978,4991.912140515116
351,384.16751867513017,28622.3395762378,23418.92747777364,5203.4120984641595
352,375.45348086951026,28369.19984671596,23403.29642789602,4965.90341881994
353,379.48779183168404,28352.288889544987,23321.42743258409,5030.861456960896
354,374.53995086088116,28360.61333145212,23403.327199117557,4957.286132334564
355,380.5871384521966,28495.594662027575,23397.012670578173,5098.581991449402
356,379.469723094643,28520.385244762303,23423.03180329965,5097.353441462653
357,382.6755593194551,28552.63499862524,23411.869944290756,5140.765054334484
358,384.7091621609389,28654.469408687335,23437.853504506376,5216.615904180958
359,384.9256508959721,28638.33870976876,23417.12622099513,5221.212488773627
360,376.3387432175728,28638.59985467433,23559.700323814253,5078.899530860074
361,374.2701292368152,28436.924550715226,23456.76273474281,4980.161815972416
362,378.6386781291271,28687.62360318117,23567.78880848838,5119.834794692789
363,376.29680948216355,28574.18606655138,23504.074413093735,5070.111653457649
364,385.01266504500774,28381.668524650457,23251.83847089381,5129.8300537566465
365,377.1131118262616,28662.363506106485,23573.597325885094,5088.766180221392
366,374.9814242199351,28556.65693712331,23527.887005470417,5028.7699316528915
367,378.16641719211634,28610.856997914052,23517.078935894857,5093.778062019193
368,379.7147699280209,28812.004366670495,23618.574499269205,5193.429867401288
369,383.4346519947129,28674.272640223862,23464.29386041984,5209.9787798040215
370,380.4776020205678,28598.175424657307,23456.712953088885,5141.462471568421
371,376.4889445036525,28555.28747341982,23498.843040870845,5056.444432548974
372,377.96278871227133,28566.37126093283,23479.133235283607,5087.2380256492215
373,375.21159460765097,28715.119613537336,23616.44763337644,5098.671980160896
374,375.24773787927217,28522.349548429916,23494.701615308717,5027.6479331211995
375,376.78660269854305,28579.508996240056,23494.756305580362,5084.752690659694
376,374.7176472101114,28559.556252959912,23526.11398684867,5033.44226611124
377,380.20702166150255,28644.991693727643,23496.532881267893,5148.458812459752
378,375.65417166715423,28520.961826465114,23498.027220587075,5022.934605878039
379,378.7274059063612,28535.033399161865,23447.40191883227,5087.631480329594
380,377.1645679128733,28691.931150476354,23584.022037482027,5107.909112994327
381,381.27380784414544,28602.590389661927,23453.185082750228,5149.405306911701
382,382.84287331788505,28677.055795449785,23468.043238400332,5209.012557049452
383,379.72714383501403,28616.663418413704,23499.3767575472,5117.286660866503
384,375.51270255736966,28681.110661624083,23596.37005167857,5084.740609945515
385,380.5182591661715,28663.446658310393,23500.570293766577,5162.876364543815
386,385.3373545601728,28646.55153967459,23425.502034633453,5221.049505041137
387,377.6534563891915,28403.258610557587,23378.086607508296,5025.172003049291
388,379.24843748487973,28503.957641797984,23423.25579889326,5080.701842904726
389,376.5726251352516,28465.76250995185,23434.126209835318,5031.636300116531
390,371.94820408909357,28549.706763791928,23591.0299337499,4958.676830042029
391,387.76445095429955,28621.553662747516,23373.79129191839,5247.762370829124
392,374.64803791566845,28715.57896773234,23625.317969610667,5090.260998121674
393,377.89166339239193,28707.521573868846,23570.55333301601,5136.968240852836
394,376.78145506719994,28428.260195928826,23412.77063347828,5015.489562450543
395,378.30610299412007,28539.638310222927,23465.29618664592,5074.342123577007
396,384.45768429664736,28698.291322223573,23447.21593687551,5251.075385348065
397,389.6201137298215,28682.726823971363,23375.249357799566,5307.477466171797
398,379.3270330565327,28496.459602842177,23418.588193480515,5077.871409361662
399,382.5731954078187,28638.11908338076,23459.24827825636,5178.870805124398
400,374.9963701874031,28497.190858270813,23481.165323144844,5016.025535125969
401,375.05722839598695,28571.14335575836,23546.922649999542,5024.2207057588175
402,380.3660184314728,28495.023343842146,23424.370848568695,5070.652495273451
403,371.7258330175745,28579.3916397961,23589.170856838977,4990.220782957125
404,381.76614018650906,28645.26166220302,23458.373120001237,5186.888542201781
405,378.4990918491371,28514.04558246758,23449.723388975624,5064.322193491958
406,381.9018364293056,28523.247035334505,23389.048983230306,5134.1980521042005
407,372.7328913082069,28648.802843350175,23629.30224098299,5019.500602367183
408,375.29228481900196,28704.680465527334,23602.26376825558,5102.416697271753
409,374.01705731169176,28408.839842773028,23436.26283682169,4972.57700595134
410,377.92573150518103,28569.669416044024,23471.89670729034,5097.772708753684
411,380.7673272020808,28409.31453172124,23335.778458445264,5073.536073275978
412,376.9778139345936,28498.040516254245,23453.26488512238,5044.775631131865
413,377.1871052251023,28492.446794676944,23440.90004874978,5051.546745927166
414,377.9199519137028,28615.383396344794,23515.580750909805,5099.802645434989
415,387.9266383451761,28477.93076947526,23267.427217342203,5210.5035521330565
416,373.3466414474596,28463.68905690604,23490.039241405066,4973.649815500976
417,378.27101760508515,28620.419053510377,23521.316171631082,5099.102881879297
418,382.85564172586345,28626.96639333105,23447.645283481954,5179.321109849099
419,373.4177547429942,28583.74078786243,23567.689334834424,5016.051453028005
420,373.92416327124744,28533.73637920499,23524.286671522652,5009.449707682339
421,377.3629087034159,28590.559314093756,23495.764810141158,5094.794503952597
422,380.106890499746,28598.062365933565,23470.739219351253,5127.323146582311
423,380.41402075839,28676.35199042283,23522.712421158034,5153.6395692647975
424,375.933025794511,28421.88718682962,23423.81056224372,4998.076624585898
425,374.5844965188571,28397.351570864448,23430.915249268037,4966.436321596413
426,382.43714815578005,28467.488310101708,23346.05453863866,5121.433771463048
427,382.9426595715099,28415.880520409002,23304.64083756678,5111.239682842219
428,373.9095637301141,28448.55753580772,23465.545849094626,4983.011686713092
429,377.44776693201766,28556.331921680376,23495.834986140057,5060.496935540319
430,376.2718098062026,28629.956756581352,23550.388282848824,5079.568473732527
431,382.23254287010127,28612.8983682651,23438.824027262406,5174.0743410026935
432,365.31402668595746,28629.21869858588,23703.135526025493,4926.083172560386
433,374.6236658731489,28430.844427562817,23437.09999122407,4993.744436338748
434,378.5972682060939,28558.762365017395,23478.2167164957,5080.545648521696
435,381.40866111848703,28534.772401023878,23395.76552391144,5139.006877112439
436,384.3057629416254,28482.314629707427,23330.47748861738,5151.837141090046
437,379.92486368580853,28682.160161947126,23517.615395641304,5164.544766305822
438,375.4352413622239,28718.365059493233,23613.611644854034,5104.753414639198
439,374.24158076105806,28707.162735536913,23640.26246605104,5066.900269485874
440,379.638920899369,28675.455693452903,23521.452450119912,5154.003243332991
441,381.35946697142555,28687.286860560598,23513.43211056065,5173.854749999948
442,384.136839054533,28768.033722982826,23518.25082581158,5249.782897171245
443,370.92358203142186,28482.58082956876,23544.518711774155,4938.062117794606
444,373.86650549422416,28545.24809768297,23538.30970124242,5006.938396440549
445,379.2019429620387,28585.93197419535,23468.232250492485,5117.699723702866
446,374.95483083772723,28540.199725515537,23522.195093778748,5018.00463173679
447,377.3325624922817,28550.891111312834,23481.58936088728,5069.301750425554
448,373.21351454618184,28567.127617145412,23552.69865010097,5014.428967044441
449,378.76056796228085,28617.718931724045,23505.946989470103,5111.771942253942
450,377.92173533717215,28622.310344224567,23520.371594007385,5101.93875021718
451,382.1317007359552,28517.958922834994,23382.17869588364,5135.780226951358
452,369.9055159207663,28437.534697477276,23536.29501387926,4901.239683598017
453,383.22084459273606,28668.046494669725,23468.492343205013,5199.55415146471
454,379.92473296456484,28544.645201923846,23444.518061351628,5100.127140572218
455,381.289730146359,28544.859417427768,23407.36327871167,5137.496138716098
456,383.22306948986034,28483.464083994837,23351.659710977496,5131.804373017341
457,382.66719836169165,28802.701178330077,23568.20931585137,5234.491862478706
458,385.0236286946025,28631.960841305892,23414.102035160387,5217.858806145506
459,381.8694352932655,28698.463109897646,23505.675242168258,5192.787867729388
460,373.99681221477687,28665.023975715445,23605.324110818758,5059.699864896688
461,379.5559936064089,28644.59009697086,23508.507738392174,5136.082358578687
462,381.05851799161695,28464.88282852018,23369.40985716471,5095.472971355475
463,385.4395024031241,28542.019604771733,23361.62161758179,5180.397987189942
464,377.7955599497613,28699.18132486398,23584.580679712846,5114.600645151133
465,375.13366814615716,28616.10082596393,23573.552772627794,5042.548053336137
466,389.93787513675494,28686.43005714591,23385.79324421656,5300.63681292935
467,376.1426016938756,28630.1533954497,23556.428714639067,5073.724680810633
468,377.53074549768,28462.076571599748,23411.228089555723,5050.848482044024
469,386.98352970871946,28540.522593787406,23317.880584007682,5222.642009779724
470,378.24579447678263,28633.484462239932,23527.964400398378,5105.520061841556
471,379.9527369271914,28813.833777405278,23601.378645275625,5212.455132129652
472,381.55564488522407,28659.02443253106,23488.926782055758,5170.097650475302
473,384.020918457344,28662.809138185927,23447.400271079066,5215.408867106862
474,376.12908615743163,28296.46324954618,23333.5590095622,4962.904239983981
475,378.9936215127684,28616.628416680138,23504.372303404885,5112.256113275252
476,375.900047407994,28612.47268852928,23550.325792129195,5062.146896400084
477,370.89107124902597,28595.566446776247,23613.917528526938,4981.648918249309
478,382.7916433880647,28705.129990000296,23510.746503191105,5194.383486809191
479,376.3995704916804,28428.240982144896,23423.246266027003,5004.9947161178925
480,371.578706811784,28616.352149728275,23623.19094094631,4993.161208781963
481,377.5311589409575,28501.809399977727,23447.975505108552,5053.833894869176
482,379.72700754025254,28479.704774025948,23410.618285140466,5069.086488885481
483,376.6929965322005,28512.591257639036,23463.736724780232,5048.854532858804
484,369.69373025865406,28704.241307995897,23698.945770128536,5005.295537867362
485,376.1649395059782,28592.70870766127,23518.72796518844,5073.980742472832
486,373.44093946857913,28493.36698889186,23505.951562969887,4987.415425921971
487,372.5389593196975,28373.321283704016,23435.681190800497,4937.64009290352
488,385.17595410273555,28540.81185488118,23365.237690719598,5175.574164161581
489,379.3757634023226,28787.241754825627,23598.20171969197,5189.040035133656
490,377.43147212563997,28498.81298160531,23453.02718950829,5045.785792097019
491,372.4496988789428,28556.98774695381,23575.37589343838,4981.611853515432
492,379.1519572671126,28753.268908086502,23573.954925064638,5179.313983021864
493,374.77418159555134,28617.265884449454,23558.83164231567,5058.434242133787
494,381.35621585858,28437.995118494604,23358.71918947756,5079.275929017042
495,380.2593891588927,28668.974869315454,23518.888250693835,5150.08661862162
496,378.1559656601677,28709.599424242795,23582.34686000835,5127.252564234444
497,380.9178570760974,28570.01084411978,23444.917935314355,5125.092908805424
498,373.7539043766722,28492.992750335612,23500.766997995026,4992.225752340586
499,372.78325647007773,28422.098963545708,23482.54405249882,4939.55491104689
500,375.3536202221096,28605.450634817636,23557.879320948723,5047.571313868913
501,383.6236017360815,28493.889431075022,23347.742033861115,5146.147397213907
502,383.487061388001,28679.972825940175,23467.340049840277,5212.6327760998975
503,381.1768552309707,28574.77546524796,23435.169068490355,5139.606396757604
504,384.5739902173598,28646.19268421661,23427.636969474304,5218.555714742307
505,381.0259373453716,28526.75357130207,23415.214804356885,5111.538766945186
506,383.24268771925045,28569.096430420952,23400.106258655454,5168.9901717654975
507,375.1170191197594,28562.266295588124,23515.7496750723,5046.516620515824
508,384.60910282403614,28557.477620259917,23380.511909847137,5176.965710412782
509,375.5802835520134,28587.973467130276,23549.697601852,5038.275865278276
510,376.2630327110264,28691.969403407693,23574.69343842177,5117.275964985922
511,372.72237612205214,28630.468905926726,23614.465181542655,5016.003724384069
512,374.8474453629427,28711.77752135442,23621.525424780688,5090.252096573731
513,383.70126116099533,28588.818840156506,23399.479695906244,5189.339144250262
514,370.92142849885363,28552.294876223263,23604.08786255541,4948.207013667852
515,378.0417059943243,28577.15360541798,23498.28755465657,5078.866050761411
516,379.0103469086287,28574.41876279855,23473.2573331246,5101.161429673951
517,386.47639807460166,28582.96431956906,23353.337146866656,5229.627172702402
518,376.6556103654456,28635.295605669737,23535.658435612597,5099.63717005714
519,375.9083675416061,28507.48713544158,23487.681020512813,5019.806114928767
520,381.38581296562484,28619.743178293444,23466.03105395758,5153.712124335865
521,377.32045202747025,28605.696273977694,23505.573765218058,5100.122508759637
522,373.4605654183826,28663.797426530575,23626.959015529002,5036.838411001571
523,376.61092420452957,28592.5890209365,23516.97958992537,5075.60943101113
524,380.56730169995905,28525.348415568435,23402.577012661313,5122.771402907119
525,380.0161397205863,28492.32528690063,23398.686645187474,5093.638641713154
526,383.45460401469137,28647.882227885944,23447.428971039917,5200.453256846026
527,379.0033481873997,28730.599024661748,23582.735663186104,5147.863361475644
528,383.56332146059003,28651.088162758493,23472.859811818817,5178.228350939677
529,378.4853375056118,28561.75160002214,23482.138937615666,5079.612662406474
530,379.2221646952738,28589.70626326884,23493.409678011732,5096.296585257106
531,371.6048739823197,28633.334232763737,23617.79528307928,5015.53894968446
532,372.04684738897373,28604.054770526862,23621.42965791489,4982.6251126119705
533,378.5992205727372,28471.947178109713,23418.880588881697,5053.066589228015
534,382.3534182199947,28573.601971050346,23415.023974011325,5158.5779970390195
535,383.60892423921433,28540.808339421892,23367.98115464745,5172.8271847744445
536,375.64582803003617,28421.375828428034,23417.919471201007,5003.456357227027
537,379.757469722788,28641.755939961437,23504.985109146925,5136.770830814513
538,379.8054609963439,28549.76870015704,23437.87979390905,5111.888906247991
539,376.5608682688378,28607.745170657396,23526.09510020568,5081.6500704517175
540,375.6931954739448,28532.736090504088,23495.168860253245,5037.567230250843
541,371.9064003407523,28414.203929993168,23479.52764929561,4934.676280697557
542,382.0346684811642,28504.057585217844,23377.221927436836,5126.835657781007
543,382.11084159835616,28509.89425422831,23373.241812802127,5136.652441426183
544,377.34365608976617,28569.697957866945,23490.3250150035,5079.372942863447
545,373.2977662420904,28534.48622752955,23542.089933755462,4992.396293774086
546,388.54983944405717,28598.41230619154,23334.760005176377,5263.652301015166
547,370.9280146882048,28513.65030428335,23554.884754610317,4958.765549673034
548,383.4594866926571,28665.66240853542,23467.932831518207,5197.729577017215
549,379.0418199047958,28402.1632023746,23344.999226817614,5057.163975556984
550,384.8331880030732,28688.27492829007,23461.754312738725,5226.520615551344
551,385.291840073904,28610.614866272612,23396.273494801033,5214.341371471579
552,379.6364890654928,28619.670404174198,23510.998110554254,5108.672293619946
553,377.54215045140234,28592.277009992446,23506.670007465607,5085.60700252684
554,374.00399706364027,28493.554058398557,23509.658469201277,4983.895589197281
555,383.6395104142303,28517.63799871462,23359.624736649093,5158.013262065526
556,372.8606283696716,28497.017954709634,23518.266775229647,4978.751179479985
557,381.3970715194022,28587.052478367776,23435.528060884644,5151.524417483131
558,378.31535460464346,28608.66319956949,23524.5569666437,5084.106232925793
559,383.65886157994925,28565.41548541379,23384.01188746622,5181.403597947572
560,374.02184454858804,28640.754541124064,23609.750939461133,5031.003601662929
561,379.7860908151209,28653.50062815722,23504.29827783953,5149.202350317688
562,376.62019729499696,28509.781880844854,23484.178199234902,5025.603681609951
563,378.6173586311347,28741.306789869755,23594.401846919565,5146.904942950188
564,376.49424793079805,28572.141545208335,23505.662784546053,5066.478760662281
565,379.91211220385594,28603.829109180766,23480.627904281988,5123.201204898778
566,382.6869886130558,28588.078020336026,23420.082451656162,5167.995568679865
567,376.56327876432124,28681.492607147586,23582.342572837802,5099.150034309781
568,379.07950982323104,28478.72807303085,23413.994395316382,5064.733677714465
569,377.92627141615174,28668.098030629546,23552.760529493724,5115.337501135822
570,371.2489994856138,28799.78970380042,23735.693375335446,5064.096328464973
571,386.8567664149237,28661.4442942489,23411.053940398666,5250.3903538502345
572,371.35364522327825,28522.175238069765,23563.73353770679,4958.441700362975
573,381.1913314257155,28513.522968895384,23413.14250993706,5100.3804589583215
574,374.09636928404336,28437.427554123784,23459.029637286483,4978.397916837302
575,382.28179805461343,28507.43338440584,23372.41651905746,5135.016865348378
576,376.444418027473,28690.63121512066,23589.263156806082,5101.368058314576
577,379.36688387941433,28643.114419547615,23513.541915297217,5129.572504250398
578,377.3740789237641,28554.14775432561,23483.482273437283,5070.665480888327
579,375.8377686394509,28600.720880953893,23524.479412839813,5076.241468114082
580,375.7052570132881,28642.411055367706,23577.12284588051,5065.288209487196
581,378.7338969581119,28513.32552944162,23431.89173406937,5081.43379537225
582,380.7484149542598,28426.66175697562,23354.739633521345,5071.922123454274
583,373.89119054849016,28538.41454910573,23520.98531088282,5017.42923822291
584,371.2098994015229,28657.228979101208,23643.176065502408,5014.052913598799
585,378.26240844990957,28603.178528545373,23502.34886778509,5100.829660760284
586,372.6803947525777,28399.776427872883,23464.734457415387,4935.041970457495
587,373.58336170514804,28537.84104810777,23529.86627763525,5007.97477047252
588,382.5761212337536,28682.65023858955,23474.192670880544,5208.457567709009
589,377.5255258473557,28604.714312135256,23518.264144315388,5086.450167819869
590,382.89594594792857,28549.157488186873,23394.63695244633,5154.520535740542
591,377.4276961903737,28590.72536426966,23520.04830222902,5070.67706204064
592,379.0763641800225,28621.339999795055,23499.841874328064,5121.498125466992
593,380.3489986765306,28671.757550860937,23515.5648818045,5156.192669056438
594,377.2902462826481,28669.74991567608,23554.28153349819,5115.468382177889
595,371.3158781078515,28443.871729796563,23543.30198573216,4900.569744064403
596,381.1792418967235,28503.775606915704,23388.127195380523,5115.648411535183
597,381.1101690026976,28516.279990839314,23404.5807637708,5111.699227068513
598,371.12344293026257,28520.626741700537,23563.32290244018,4957.303839260355
599,377.6545514214089,28421.832074322607,23401.427924869065,5020.404149453543
600,379.0552224639851,28661.11943635583,23533.90006038041,5127.219375975422
601,376.9849529013032,28612.888937609474,23534.25354747076,5078.635390138717
602,373.0460229510652,28689.988168380747,23639.1868234995,5050.801344881244
603,377.64399543120885,28641.3484063334,23538.95510420012,5102.393302133281
604,381.43574946478435,28612.035916265166,23446.283151892912,5165.7527643722515
605,378.9712371998653,28682.963059904832,23545.239465821036,5137.723594083797
606,379.6378814368377,28643.517826934723,23506.830873001218,5136.686953933504
607,371.3514291818067,28544.489331095352,23568.597344505863,4975.891986589489
608,371.1275950875804,28693.775478155447,23695.099283785818,4998.676194369631
609,376.5887029739775,28459.423762141974,23453.09848585283,5006.325276289143
610,375.0725594513037,28499.3031228845,23478.13830647774,5021.164816406758
611,374.1770929061708,28654.835101581655,23599.760040897218,5055.075060684437
612,376.7557885822261,28717.967144259586,23605.17096497524,5112.796179284347
613,379.4767818759576,28584.388117154922,23479.363810544255,5105.024306610665
614,375.8087880335979,28652.229818240783,23594.50942172879,5057.720396511993
615,381.6148813887073,28474.789782424257,23359.170999735536,5115.618782688722
616,386.0282276756785,28544.069115911007,23332.859244104922,5211.209871806086
617,377.47185074786427,28503.715426201918,23431.588971648504,5072.126454553416
618,372.3532935970425,28462.90582380553,23490.78081819884,4972.125005606689
619,384.98993763824694,28660.216347287715,23434.224480598587,5225.991866689128
620,376.17572169258136,28538.04763066245,23510.47279288097,5027.574837781482
621,378.73512114861524,28557.382813808654,23463.008884767467,5094.373929041189
622,383.30559085887927,28606.00264537426,23416.239668544993,5189.762976829266
623,384.6004499084497,28741.300405779955,23483.130888084437,5258.169517695517
624,382.8239743233139,28637.995058555767,23438.329882329777,5199.66517622599
625,377.45704545924224,28660.462109807442,23558.05483217073,5102.407277636714
626,380.95462837048376,28477.372849090778,23380.72373517863,5096.649113912146
627,380.9801507300822,28407.09278894507,23339.363419297108,5067.729369647959
628,376.9439226399763,28494.86325094693,23443.571397236876,5051.291853710054
629,384.18192482025677,28543.815381268134,23382.704833913667,5161.110547354467
630,378.60375575648254,28496.188188677188,23414.46959683574,5081.718591841449
631,374.73461090178984,28565.562426892837,23542.409870630905,5023.152556261932
632,375.5080925213646,28437.270207356054,23455.239254628395,4982.030952727659
633,380.5309341118116,28564.08155883267,23450.916659279545,5113.164899553126
634,378.58449118535634,28426.110906370923,23378.665492378233,5047.445413992691
635,374.7046126894278,28616.124417659685,23571.744630485526,5044.37978717416
636,373.0669188511966,28577.869880867267,23573.724200676654,5004.145680190614
637,377.394749107236,28627.09216022903,23535.4003911076,5091.69176912143
638,374.1681565153165,28564.468663303378,23525.66907462499,5038.799588678387
639,374.5107566169558,28502.548247317674,23512.397619198444,4990.150628119229
640,374.38219141514537,28450.56115379377,23452.393553061855,4998.167600731915
641,384.18988275081097,28584.327446473268,23402.279513476493,5182.047932996776
642,378.211895889105,28495.921741703158,23434.971112148785,5060.950629554373
643,382.3452849903177,28562.83436777776,23427.514295531364,5135.3200722463935
644,380.44588420690656,28627.96186669742,23491.39256292051,5136.569303776909
645,372.91343912592646,28588.412468753027,23576.790447788087,5011.622020964942
646,376.79816470770044,28428.77838160077,23416.379219847786,5012.399161752984
647,375.94677502961486,28420.2061171085,23429.737538739966,4990.4685783685345
648,376.3678658875534,28344.49834060534,23364.13217202643,4980.366168578908
649,375.55228474576325,28470.085682538236,23458.535095924977,5011.550586613257
650,380.604714245895,28580.94885731693,23439.785545011535,5141.163312305394
651,382.95026507391754,28671.45325370187,23473.250942667117,5198.202311034754
652,381.61064528733175,28559.26389660059,23420.709280671505,5138.554615929084
653,376.39615602615885,28455.54178285067,23442.01683177275,5013.524951077916
654,374.93165747684225,28588.061364022527,23547.49874445804,5040.562619564488
655,382.7658057727876,28733.933234578297,23506.22560575291,5227.707628825388
656,381.49652556659277,28536.370590059454,23421.07697404505,5115.293616014405
657,381.3058004019527,28558.86627363144,23419.950929618466,5138.915344012974
658,374.21394924250126,28640.225027968852,23597.30822982775,5042.916798141099
659,374.4804352158665,28612.221808836566,23565.701227345668,5046.520581490899
660,384.5943811777221,28747.664146323506,23506.763862618598,5240.9002837049065
661,380.30512333208907,28373.613015701274,23323.188379558655,5050.424636142619
662,378.29958313641845,28480.301426409307,23429.118614750485,5051.182811658822
663,375.28594185153725,28424.798813239035,23432.908994889956,4991.889818349078
664,379.43624039383695,28648.738647752103,23510.723134290136,5138.015513461966
665,379.4096600923385,28465.84498428944,23400.802918941306,5065.042065348133
666,376.5454337156764,28724.980709240033,23598.491811792384,5126.48889744765
667,380.7010783385073,28613.083003289394,23468.632487927876,5144.450515361519
668,379.87347047237273,28520.43441297564,23413.308796141813,5107.125616833827
669,378.0050066842998,28498.972230400577,23449.162206448367,5049.810023952208
670,387.91845602408085,28547.99295338239,23317.458965575788,5230.5339878066015
671,384.3845611679884,28544.549548253563,23374.37244712316,5170.177101130401
672,375.7865191887718,28642.03916781345,23578.326148379238,5063.713019434214
673,374.9122662356301,28633.16857947832,23580.982644009102,5052.185935469216
674,386.5486997258469,28593.103377372947,23350.00009672809,5243.103280644856
675,372.21724751686963,28473.87331776703,23516.48926710377,4957.384050663258
676,375.62126163151044,28507.294979758524,23483.2765269395,5024.018452819025
677,373.02885347563387,28654.47142879886,23639.104451156025,5015.366977642834
678,380.94747852673333,28489.29516832925,23391.316798108666,5097.978370220584
679,374.4234055304734,28635.809920902917,23585.919871432925,5049.890049469993
680,375.2352354074409,28496.457473957027,23483.34770432038,5013.109769636648
681,383.5098654121823,28634.169043515984,23420.668480050823,5213.500563465161
682,379.5312160028187,28444.185915698636,23376.714183608772,5067.4717320898635
683,380.137395686901,28666.408858547053,23523.371343913583,5143.03751463347
684,375.4625191458335,28515.69822982944,23484.662243285948,5031.03598654349
685,375.09565191898554,28673.668995662163,23590.080905180264,5083.5880904819005
686,374.9030447572754,28539.81695969548,23510.126918468603,5029.690041226877
687,376.0681646782831,28539.94017433912,23497.808223218493,5042.131951120629
688,378.3969681235312,28649.71874937776,23535.078843574862,5114.639905802898
689,374.70571076613976,28583.87510841024,23558.334495043313,5025.540613366928
690,372.63631516819146,28587.75580615051,23571.865488057534,5015.890318092979
691,374.4250012374331,28486.322431309884,23484.50060163924,5001.821829670642
692,376.13222478100363,28614.830416596273,23540.195314242286,5074.635102353987
693,384.5198085677548,28717.809320476896,23486.588860655917,5231.220459820978
694,382.90539213850934,28466.523821813058,23346.271919861785,5120.251901951273
695,376.91075741214354,28653.04976835833,23547.936654451856,5105.113113906475
696,380.9100180218981,28549.879204276127,23425.762954204667,5124.116250071461
697,383.4463128482886,28665.827452944242,23450.995953685237,5214.831499259006
698,375.58278100386633,28472.911457111804,23470.099025687272,5002.812431424534
699,379.6951537876314,28650.247536941682,23514.297388663334,5135.950148278348
700,384.0870225514678,28477.803991885878,23325.554234480085,5152.2497574057925
701,375.03529279820845,28454.207433691994,23460.469598868134,4993.737834823861
702,375.01898086136555,28493.32114865229,23486.10671930467,5007.2144293476185
703,389.0340487657835,28644.160577836054,23361.17231257054,5282.988265265514
704,366.97534795890624,28464.986535175023,23579.766088510485,4885.220446664537
705,377.65337605579106,28493.338584605328,23437.07396160221,5056.264623003117
706,382.57806689386564,28521.28897370161,23372.732855253344,5148.556118448266
707,385.7901117373686,28397.163937855916,23256.07449775951,5141.089440096405
708,377.65583270180434,28565.26318508053,23490.91563120843,5074.3475538720995
709,374.5524791159845,28561.873213654093,23536.833088402294,5025.040125251799
710,378.0506693081219,28504.311562741175,23451.27911053771,5053.032452203464
711,381.64567358203595,28399.694400500466,23312.920393137356,5086.774007363109
712,383.06086665940126,28588.39527744416,23408.960487997203,5179.434789446957
713,385.00376611103417,28556.34990427542,23366.971702310773,5189.378201964646
714,367.6895830754187,28547.976328186935,23633.72549419354,4914.250833993396
715,381.6538417948028,28544.02644478086,23381.513544388738,5162.512900392119
716,378.71119914584324,28660.59615251528,23546.304374450054,5114.291778065228
717,379.3257334286894,28712.726732321855,23559.655643496364,5153.071088825492
718,379.113483499749,28585.03286410683,23458.61052209545,5126.422342011381
719,377.49666406215397,28558.291169287244,23486.614467441053,5071.676701846192
720,375.97015558165964,28592.748829158474,23532.50972811482,5060.239101043656
721,379.5921789997876,28639.735693516384,23518.964502853865,5120.771190662521
722,372.9302613250016,28552.89991067599,23548.489103999247,5004.410806676744
723,382.4703212625834,28752.460492215283,23519.19663828747,5233.263853927812
724,376.2781677423043,28485.843025151255,23455.833104634727,5030.00992051653
725,380.4401011551772,28510.928038090864,23397.43501120971,5113.493026881156
726,383.4548029342845,28552.82353708444,23389.542679809903,5163.280857274538
727,381.6057812842078,28531.71679804613,23419.196008010396,5112.520790035733
728,380.1937943341956,28567.240838767488,23459.672721420036,5107.568117347451
729,374.02816399618774,28639.185938762093,23586.519243140705,5052.66669562139
730,382.44734199454854,28550.549520040393,23399.543680559178,5151.005839481216
731,371.97476583059245,28549.995495135674,23566.296907795644,4983.69858734003
732,378.1660500617768,28794.111288121865,23638.496394574042,5155.614893547821
733,375.68249680599126,28459.263165167682,23465.450590249206,4993.812574918477
734,378.42114645181493,28634.41542555794,23526.126609688843,5108.2888158691
735,379.17901794348734,28577.816174764106,23474.166795422483,5103.649379341625
736,383.5594438220956,28702.76983490336,23497.769883610315,5204.999951293043
737,374.78911845887416,28527.527340252298,23510.690964620568,5016.836375631731
738,381.6387783618753,28687.100256226528,23494.173944265698,5192.926311960829
739,376.46548582682783,28714.989111157265,23593.67256510186,5121.316546055404
740,376.46044492283306,28470.97857126852,23448.113658866314,5022.864912402203
741,376.96743159372113,28474.186975441102,23429.701727864835,5044.485247576267
742,373.5547187473805,28435.645428453703,23460.127198792183,4975.518229661519
743,376.7989993246458,28434.989639158463,23424.851590741935,5010.138048416529
744,383.51219240451746,28694.99117950062,23475.14681298232,5219.844366518301
745,377.46872950052443,28490.94891633846,23432.399422381266,5058.549493957194
746,380.2950032262688,28561.37118459675,23441.54602441402,5119.82516018273
747,376.04975318966495,28561.824371058578,23501.928921524683,5059.895449533896
748,381.23442041023395,28573.610164273257,23446.268353102176,5127.341811171082
749,380.99189386201795,28614.318824602662,23482.076346101476,5132.242478501186
750,377.9165509663953,28443.029538580162,23388.98701095366,5054.042527626501
751,385.2390187347138,28694.129925879086,23460.28918022539,5233.840745653695
752,379.9574769747276,28652.19211412639,23506.342956938264,5145.849157188126
753,376.3748412206105,28582.437801686567,23519.728479149155,5062.709322537412
754,385.66345707104483,28687.680583852845,23442.97866543965,5244.701918413195
755,374.7624751677054,28627.76094905383,23576.01104376944,5051.7499052843905
756,386.35374645341,28555.72095572626,23342.47086834379,5213.250087382471
757,385.029946475717,28609.742633801998,23396.340359126734,5213.4022746752635
758,381.3802346161505,28686.303707416515,23513.830341953333,5172.473365463181
759,382.07246251995343,28479.403316061405,23357.415543704075,5121.98777235733
760,377.8150395113039,28530.880508958333,23485.59133067834,5045.289178279992
761,382.0298705022286,28520.470016818676,23408.792060774278,5111.6779560443965
762,378.4065303965146,28495.76099601156,23417.608405373176,5078.152590638382
763,379.7780745950044,28631.941099703527,23487.996150741943,5143.944948961583
764,373.13294005606457,28317.701826255026,23405.675457399055,4912.026368855973
765,380.1231675508071,28514.733554426595,23424.488908067426,5090.244646359169
766,378.7866154900303,28682.13201436348,23547.824836101594,5134.307178261888
767,376.86113359420256,28556.300404841273,23523.721038560023,5032.57936628125
768,376.7414227519542,28498.73085774528,23465.928141099812,5032.802716645467
769,375.36760741108986,28660.80901163444,23605.031345099895,5055.777666534546
770,375.6881704176812,28694.08456203663,23604.55258354781,5089.53197848882
771,375.39753803323316,28513.444158334732,23485.273185776667,5028.170972558067
772,379.44255666269396,28722.997596257002,23579.141744592504,5143.8558516645
773,383.5386336813461,28548.051073353432,23369.648607809606,5178.402465543824
774,375.72182246892834,28623.408972688176,23550.24283947532,5073.166133212856
775,389.6991674300358,28481.53213915916,23251.822686213905,5229.709452945254
776,380.95404558317074,28475.531871781473,23367.707446383636,5107.8244253978355
777,380.05226114735063,28718.76965691687,23555.560224450193,5163.209432466678
778,374.97224453355176,28509.40819948572,23491.27801733717,5018.130182148549
779,374.74561967595156,28594.732987600226,23537.756706003835,5056.976281596392
780,379.8389023804479,28409.89882882987,23348.995511661662,5060.903317168209
781,377.19175858941736,28504.476570824147,23466.161701480924,5038.314869343223
782,378.1483421705693,28402.961491220725,23367.94665002086,5035.014841199869
783,378.9824705297532,28561.71183365763,23460.53513731859,5101.176696339039
784,377.8532484159428,28493.36872990569,23439.502414147653,5053.866315758038
785,384.22502586370763,28584.883593313672,23392.600973112967,5192.282620200704
786,373.7878754093684,28522.00274381092,23525.13966316712,4996.8630806438005
787,379.1654662206548,28562.455818145718,23463.753510645824,5098.702307499893
788,374.4775430276177,28816.15208846518,23696.02798175145,5120.124106713731
789,376.63544898188457,28540.42009606534,23484.979734568828,5055.440361496514
790,366.78972989217067,28724.88073136094,23774.81833067115,4950.062400689788
791,380.1587670353671,28546.71481511017,23423.143239582118,5123.57157552805
792,372.6965105920107,28451.03663593788,23497.008051201927,4954.028584735952
793,384.1228456539694,28467.8304038554,23315.61507813109,5152.215325724312
794,377.82059137894606,28564.913720914825,23484.276053636862,5080.637667277963
795,377.6794606915022,28492.822287764313,23443.638947859887,5049.183339904428
796,378.56108502563865,28381.717514863354,23354.02493506138,5027.692579801974
797,380.8047329619259,28634.99439265107,23502.61754569115,5132.376846959919
798,380.65610641279454,28531.272506670324,23416.233048420872,5115.039458249451
799,382.2252292305733,28685.71995190387,23500.770769568706,5184.949182335164
800,374.649976978854,28455.301259834338,23461.40812870998,4993.893131124358
801,382.2803455119521,28577.056307133334,23425.330870353646,5151.725436779689
802,378.2815127941428,28757.531655534283,23610.682438651704,5146.849216882581
803,378.4322069343897,28825.794189164462,23648.330915101877,5177.463274062585
804,379.26995576443613,28361.651447412576,23320.074862612175,5041.576584800402
805,374.79780774913405,28507.51034852069,23505.369140972492,5002.141207548196
806,377.38574700816105,28449.38625276801,23400.294089771673,5049.092162996336
807,371.56765271302453,28494.61176375165,23544.98555313658,4949.626210615071
808,373.24375276598346,28655.057307968287,23622.458088620344,5032.599219347943
809,376.3844523495502,28594.483548841483,23524.580202373392,5069.903346468092
810,376.3303895397598,28473.608049442824,23461.04956998951,5012.558479453313
811,376.6609070705045,28581.375461109288,23522.578890075358,5058.796571033929
812,376.56670701241984,28458.614713789782,23438.148628555562,5020.466085234221
813,376.57652750705546,28640.86806540191,23566.625950512782,5074.242114889131
814,380.34577172178354,28683.012085793063,23519.06701012652,5163.945075666542
815,379.1358743979767,28641.82832962223,23517.018127958836,5124.810201663392
816,378.8255396209688,28599.13177556213,23499.701387656984,5099.430387905149
817,375.63390250160484,28523.000404602604,23485.473104864563,5037.527299738041
818,374.5816316512603,28476.368611529302,23492.939167160017,4983.429444369285
819,374.11062581851604,28544.083749760885,23537.916205149522,5006.167544611361
820,381.0837746084775,28555.312377065686,23433.673945358067,5121.63843170762
821,383.55588035189794,28570.756188279047,23394.468323430297,5176.287864848748
822,373.38415248241836,28518.538246924676,23522.485965212905,4996.05228171177
823,371.30425021018874,28303.3297107743,23435.421337427102,4867.908373347196
824,346.80759582154855,27711.481114754755,23479.291539402286,4232.18957535247
825,348.20652255229004,27667.46472024641,23456.98325107966,4210.481469166753
826,354.1809609072792,27702.781244763544,23400.476445634005,4302.304799129541
827,350.0464236554363,27657.16758460884,23543.068067217562,4114.099517391278
828,656.0914215670691,31548.74252413532,23905.36898855901,7643.373535576311
829,448.0845960610585,28336.999708878062,22957.13409040708,5379.8656184709835
830,367.6145370643294,27674.69184570592,23245.952315300463,4428.739530405455
831,363.1402921331069,27716.937015562915,23347.202764844085,4369.734250718828
832,367.4805816732212,27719.200519848957,23573.587617933714,4145.612901915245
833,351.3682478431279,27673.426309669063,23560.685240314524,4112.741069354538
834,355.1564276438789,28013.64469485421,23490.431836243995,4523.212858610215
835,380.69283477729385,28646.345446263094,23495.773844413176,5150.571601849918
836,380.96875852740044,28539.02128395609,23425.963551038985,5113.057732917105
837,378.0632195893074,28732.474034133607,23596.49793222313,5135.976101910475
838,377.7918516161461,28700.557264533494,23556.593312362726,5143.963952170769
839,378.6195196075163,28618.147938889182,23506.508915159095,5111.639023730087
840,380.1705121734052,28536.82029071729,23426.413456862578,5110.406833854713
841,373.9185847947009,28450.240147845077,23483.171001715225,4967.069146129852
842,382.31178182841745,28604.36816424704,23439.300740191375,5165.067424055667
843,374.7704232295118,28575.239443347284,23544.758121109313,5030.481322237972
844,370.61709225268527,28404.751546374267,23518.970016294945,4885.7815300793245
845,386.6351632999669,28493.934251601055,23300.66315545451,5193.271096146546
846,375.7565689132968,28422.77394311637,23435.31045482989,4987.463488286483
847,374.4697827882094,28689.615405526685,23619.982600261807,5069.632805264879
848,374.4465283819263,28377.890838510575,23430.286644676467,4947.604193834109
849,383.71163434214236,28543.881562142364,23364.151639127616,5179.729923014749
850,375.71562467610255,28563.328885016475,23514.092749053973,5049.236135962504
851,379.35720541903817,28459.263624021987,23390.76999122213,5068.493632799859
852,386.9245596030061,28555.884241139625,23344.241091562544,5211.643149577079
853,383.61559646852925,28589.772393043837,23408.274801807755,5181.497591236083
854,371.5887510793717,28531.68992536803,23549.21054709884,4982.479378269194
855,379.52421659190503,28473.114366402337,23405.080979337006,5068.033387065331
856,379.66650733100386,28715.657649282646,23573.921714636635,5141.73593464601
857,378.9083977674784,28764.79455346589,23619.47642710179,5145.318126364102
858,382.5295161419954,28549.442528360752,23393.54288890208,5155.899639458673
859,378.6397882682083,28702.03539442282,23556.007451943507,5146.0279424793125
860,375.68025766460477,28512.2566645431,23485.205974120792,5027.050690422309
861,376.43060917286584,28609.3548652393,23546.80474264243,5062.550122596869
862,378.56530941249275,28591.401112134365,23492.653703816522,5098.747408317843
863,383.9437771726706,28322.979649831446,23237.022547854154,5085.957101977293
864,381.38332775635826,28593.64973979623,23444.647856078358,5149.001883717872
865,373.4050561822051,28736.283175065328,23661.337340180486,5074.945834884844
866,383.164533082794,28626.048589553895,23424.667762714285,5201.380826839608
867,376.1555512128928,28627.82714508005,23541.797147695437,5086.029997384613
868,378.65915356595127,28529.344972070518,23447.42438112667,5081.920590943848
869,417.4551168323013,28937.542198072624,23403.076516696725,5534.4656813759
870,465.04759016353495,29653.46984915043,23529.688084808768,6123.781764341662
871,472.6462178662618,29949.83789628218,23677.44594621556,6272.391950066618
872,444.5009426794577,29183.16177434195,23294.889745206176,5888.272029135775
873,433.5521195291724,29090.247669500168,23364.07492661135,5726.17274288882
874,432.9361514489783,29298.29260351252,23509.76565265448,5788.526950858037
875,469.0896979506115,29645.063310831625,23416.76458872648,6228.298722105146
876,460.0226838519907,29616.80756902658,23552.403674252495,6064.403894774085
877,442.4053719409764,29212.851183156912,23336.242179054745,5876.609004102167
878,419.17861908787756,29054.31600428613,23471.57997677176,5582.736027514369
879,420.0418306147876,28804.89612468626,23210.19047021505,5594.705654471209
880,412.08956565286803,28954.19256265962,23379.557018860956,5574.635543798663
881,410.61132914261384,28804.859462608776,23385.44268098617,5419.416781622607
882,421.1377309200365,28926.68176514527,23291.02177747572,5635.659987669552
883,408.86304776025395,28790.011229108313,23332.38685291005,5457.624376198264
884,408.4449007999055,28745.40672103259,23310.593351873886,5434.8133691587045
885,407.06201705300117,28578.545320039462,23188.36434722685,5390.180972812612
886,407.13760778612334,28763.448613806017,23322.303831813748,5441.1447819922705
887,416.1553677525907,28812.536168293882,23231.407167070098,5581.129001223785
888,403.38177185101165,28684.025542308766,23324.53823191086,5359.487310397904
889,416.89450937761745,28910.75912473227,23309.864693147734,5600.894431584537
890,403.8656015646351,28690.547831373675,23357.23113128664,5333.3167000870335
891,400.4058821783028,28691.276888250428,23394.470588756594,5296.806299493834
892,379.69003203465917,28194.644436396964,23300.884730678652,4893.759705718314
893,367.3240645006653,28193.979124408525,23441.21437594216,4752.764748466365
894,379.5284598931777,28355.978251461922,23421.740490859363,4934.237760602558
895,358.794039965345,28003.408107454434,23485.93125717532,4517.476850279113
896,363.8445935048705,28177.05808817187,23499.337422487948,4677.720665683924
897,381.73142503020114,28164.99205489314,23272.903405738645,4892.088649154495
898,378.7608431212475,28412.51811229343,23389.499848239724,5023.018264053708
899,381.96194085214853,28211.65442802341,23256.37843927824,4955.2759887451675
900,380.36124149345676,28435.756593148366,23412.448169179683,5023.308423968684
901,382.1854725992648,28337.395197789774,23349.3508926831,4988.044305106676
902,391.50394373152443,28537.286830241785,23344.830848849488,5192.455981392296
903,391.53401194135296,28602.441529463078,23345.77682937255,5256.66470009053
904,389.0601269614171,28766.01677176776,23526.074685666772,5239.942086100989
905,398.068903666689,28726.611830548318,23395.0667210589,5331.545109489418
906,383.9217748739153,28393.71460638663,23366.453078362847,5027.261528023784
907,368.7018615366251,28175.465812488743,23419.095091576746,4756.370720911998
908,378.2757844300844,28196.050794159026,23250.09243827244,4945.958355886585
909,378.9673457545262,28368.020277910982,23391.65004717547,4976.370230735513
910,373.96340140483693,28301.27225361574,23445.38688692894,4855.885366686802
911,386.32701698427655,28375.956583410116,23298.788064575674,5077.168518834444
912,389.6714755775859,28401.462195698885,23256.841554863302,5144.620640835583
913,375.464828461577,28319.120756466957,23391.019462707853,4928.101293759105
914,386.6587488802793,28241.344101383493,23189.955391795782,5051.388709587711
915,371.48036926225257,28326.843309923475,23450.796592974977,4876.0467169485
916,364.66985558805897,28213.993790822537,23503.438483026854,4710.555307795684
917,359.4024665960563,28032.847922213838,23490.39968443514,4542.448237778699
918,367.16384659172485,28161.69821927654,23436.677699718188,4725.020519558352
919,357.9738227222115,28041.854272893946,23494.123997636514,4547.730275257432
920,373.04652963010676,28265.32174927662,23398.781013305234,4866.540735971387
921,365.37297744546817,28183.48384389967,23469.85483614636,4713.6290077533085
922,364.11966367031926,28114.72889214235,23443.25299983112,4671.475892311232
923,365.4133306485732,28131.506100594786,23447.839095389616,4683.667005205172
924,364.29054626671115,28063.88048423775,23431.961266588576,4631.919217649172
925,374.092412218199,28092.790171831286,23277.76341321304,4815.026758618246
926,364.36305766267947,28208.770087310317,23484.858566614155,4723.911520696161
927,362.8823939549488,28016.953810337323,23395.251252392194,4621.702557945128
928,378.1356272102512,28286.510749151275,23314.715596912803,4971.795152238473
929,368.20610950681765,28278.012503372272,23483.41018373168,4794.602319640593
930,362.6769278444275,28157.78638683377,23471.555788868754,4686.230597965016
931,360.64273888805235,28133.542534978344,23508.81642116899,4624.726113809352
932,362.7677531814555,28122.463858495597,23452.339181395502,4670.124677100094
933,358.59356792911194,27824.134802962068,23353.755237839945,4470.379565122123
934,361.23933747665905,27853.65145674765,23321.26424549237,4532.387211255283
935,364.28180535658464,27901.97702752136,23300.176252407557,4601.800775113804
936,357.7133232384314,28058.540560284604,23516.74499986615,4541.7955604184535
937,363.25173706247097,28003.38627719909,23391.984563483395,4611.401713715693
938,357.2268632863347,27824.452077943966,23365.998323082356,4458.45375486161
939,365.8302630934916,27982.613211445438,23347.958556744772,4634.654654700667
940,370.1500898157259,27992.36230622966,23330.038570108118,4662.323736121543
941,370.07611963495486,28019.618440682527,23313.769085304608,4705.849355377921
942,369.6057851844061,28326.303593463872,23488.784905401728,4837.518688062143
943,363.96787702360626,28216.839928571,23531.68674685515,4685.153181715851
944,356.65427366768506,28150.18449505575,23569.93947474639,4580.245020309361
945,373.7302982316438,28282.653707932768,23397.814752611386,4884.838955321384
946,368.5175346421259,28416.956187266605,23559.990285509022,4856.965901757583
947,370.9371688395993,28449.336220766767,23537.44904066608,4911.887180100686
948,372.3895398432159,28345.635332848695,23428.747309923994,4916.888022924701
949,373.8141402816222,28531.04074946517,23547.692804152688,4983.347945312483
950,372.1359889233545,28305.289160796146,23425.379346902722,4879.909813893424
951,368.17219598220345,28310.436011225233,23510.223023305873,4800.21298791936
952,376.64915789384554,28426.82594360541,23414.096746598563,5012.729197006846
953,366.93720808328186,28200.265749244707,23448.061150890997,4752.204598353711
954,374.29111429338997,28164.669998511235,23319.08950493306,4845.5804935781725
955,368.5060997414376,28419.844473140227,23572.045546277808,4847.798926862417
956,368.3876611780654,28388.13802266393,23537.654832850432,4850.4831898135
957,372.2474719889261,28344.66679358085,23457.93934673082,4886.727446850031
958,371.686592383622,28380.398501886593,23483.523064663073,4896.875437223521
959,384.0676771636447,28610.686845487035,23418.212613348565,5192.474232138467
960,377.32482379092295,28581.578108868787,23505.3267435523,5076.251365316484
961,378.58883888906604,28381.76567417892,23354.97932359498,5026.786350583941
962,380.1919939332307,28511.24161471567,23405.279464910614,5105.962149805055
963,378.87063279639545,28452.120932117537,23407.66928827386,5044.451643843676
964,378.91267883395847,28495.938108624945,23413.10099465352,5082.837113971425
965,382.3796466545245,28672.59470950545,23479.252744868576,5193.341964636876
966,381.03091813423293,28514.674132356507,23413.02070219905,5101.653430157459
967,380.0026474395482,28665.547784830705,23521.934552764174,5143.613232066529
968,380.4104171617251,28573.45976918206,23454.716843659597,5118.7429255224615
969,376.2366665697206,28343.57820134094,23360.17149630774,4983.4067050332
970,376.44279730523976,28526.559411152237,23476.90876337762,5049.650647774616
971,382.2865079750352,28681.336021256295,23489.217366081924,5192.11865517437
972,377.7609718211131,28509.88512130771,23443.68185302004,5066.203268287671
973,378.6600689579551,28541.010814618938,23463.17585367007,5077.8349609488705
974,377.91136071515666,28576.00172957006,23480.80436770009,5095.197361869972
975,382.80091782763066,28616.468807515495,23433.45650607992,5183.012301435574
976,378.149763883887,28570.230179903287,23480.12798714162,5090.102192761666
977,379.06475000040456,28506.70575845185,23418.325864713646,5088.379893738205
978,373.97432366914643,28720.924914416857,23661.50134357333,5059.423570843527
979,378.1708266386618,28710.016147687464,23573.09610383067,5136.920043856795
980,380.75345401933527,28601.212404610418,23453.215842579117,5147.9965620313005
981,385.2521776863179,28674.206368957704,23450.547447438163,5223.658921519544
982,380.0924523106356,28562.114325825074,23456.370925623218,5105.743400201857
983,378.9181106280768,28592.269953864088,23490.212133113422,5102.057820750667
984,371.8175012753765,28500.4449272162,23535.221833465075,4965.223093751123
985,381.28510486249496,28637.446311233973,23487.542304807852,5149.904006426119
986,378.11930834506046,28529.32425590516,23458.43823387976,5070.886022025402
987,378.7847661219981,28722.7064596683,23562.876793836156,5159.829665832145
988,380.30899789784263,28545.370089463227,23426.965384030333,5118.404705432893
989,376.35164588898334,28632.639789015862,23556.412795578137,5076.226993437724
990,371.63452912608255,28439.070786822947,23506.662375995027,4932.408410827919
991,377.71186985447997,28585.84507511647,23495.13053349792,5090.71454161855
992,383.85326915734976,28449.22403244855,23307.124155366226,5142.099877082324
993,383.12172130471544,28539.249988783748,23387.3116707842,5151.938317999551
994,375.2229883265966,28705.068174257874,23628.86494715789,5076.203227099986
995,383.17015770367624,28541.42989291453,23395.0280724582,5146.401820456331
996,382.9057586770385,28706.850328582485,23495.41399499178,5211.436333590702
997,380.6502322917666,28360.95270517394,23296.74652599504,5064.206179178898
998,376.11446522876236,28813.237874870792,23679.280507747473,5133.95736712332
999,376.0095361135065,28444.161198341455,23445.580102288266,4998.581096053188
